exposure,exposure.type,exposure.id,outcome,mr1_estimate,mr1_cilower,mr1_ciupper,mr1_se,mr1_pval,mr2_estimate,mr2_cilower,mr2_ciupper,mr2_se,mr2_pval,meta.estimate,meta.se,meta.cilower,meta.ciupper,meta.p,meta.I2,meta.hetero.p
Alcohol intake versus 10 years previously,Alcohol,ukb-b-3460,Type2-Diabetes,0.784797444,0.096130083,1.473464806,0.351367355,0.02551253,0.995914208,0.476808827,1.51501959,0.264854551,0.000169757,0.919422096,0.211499028,0.504891618,1.333952574,1.38E-05,0,0.631368039
Alcohol usually taken with meals,Alcohol,ukb-b-16878,Type2-Diabetes,-0.338166893,-0.910971764,0.234637978,0.292252753,0.247229785,-0.522430612,-0.910217727,-0.134643496,0.197854205,0.008278801,-0.464519898,0.163839327,-0.785639078,-0.143400717,0.00457947,0,0.601600373
Pulse rate,Arterial stiffness,ukb-b-15892,Type2-Diabetes,0.057880667,-0.196918709,0.312680043,0.13000207,0.65615441,0.217757369,0.036410597,0.39910414,0.092525563,0.018598443,0.164001689,0.075382382,0.016254935,0.311748443,0.029585404,0.003874784,0.316371104
"Systolic blood pressure, automated reading",Blood pressure,ukb-b-20175,Type2-Diabetes,0.379494644,0.12123973,0.637749559,0.131765133,0.003975693,0.329452812,0.153719727,0.505185898,0.089661385,0.000238398,0.345290421,0.07412739,0.200003406,0.490577436,3.19E-06,0,0.753534045
"Pulse rate, automated reading",Blood pressure,ukb-b-18103,Type2-Diabetes,0.171058992,-0.022567815,0.364685799,0.098791003,0.083358348,0.154552794,0.026504913,0.282600675,0.065331752,0.017997904,0.159575098,0.054493583,0.052769637,0.266380559,0.003407901,0,0.889162491
"Diastolic blood pressure, automated reading",Blood pressure,ukb-b-7992,Type2-Diabetes,0.282422277,0.025775622,0.539068932,0.130944577,0.031020648,0.128321455,-0.038813933,0.295456843,0.085274724,0.132375353,0.174212809,0.071457937,0.034157826,0.314267793,0.014769713,0,0.324054371
Whole body fat mass,Body composition by impedance,ukb-b-19393,Type2-Diabetes,0.656217912,0.410602997,0.901832827,0.125316035,1.64E-07,0.793236691,0.63002504,0.956448343,0.083272781,1.64E-21,0.751266663,0.06935635,0.615330715,0.887202611,2.43E-27,0,0.362474161
Weight,Body composition by impedance,ukb-b-11842,Type2-Diabetes,0.736487098,0.457888615,1.015085581,0.142144695,2.20E-07,0.891637512,0.704938168,1.078336857,0.095256518,7.94E-21,0.843554982,0.079131217,0.688460647,0.998649317,1.56E-26,0,0.364552423
Arm fat mass (left),Body composition by impedance,ukb-b-8338,Type2-Diabetes,0.718098017,0.484311457,0.951884577,0.119281049,1.74E-09,0.792833469,0.623321664,0.962345274,0.086487204,4.86E-20,0.767081499,0.070018588,0.629847588,0.904315409,6.26E-28,0,0.611983797
Leg fat percentage (right),Body composition by impedance,ukb-b-20531,Type2-Diabetes,1.05941811,0.656615653,1.462220567,0.205515234,2.54E-07,1.152125881,0.896529584,1.407722178,0.13040867,1.00E-18,1.125512961,0.110111382,0.909698619,1.341327304,1.59E-24,0,0.703285984
Arm fat mass (right),Body composition by impedance,ukb-b-6704,Type2-Diabetes,0.681099559,0.432534446,0.929664672,0.126821265,7.85E-08,0.762141314,0.588028072,0.936254556,0.088834919,9.55E-18,0.73546581,0.072760217,0.592858405,0.878073214,5.09E-24,0,0.600701534
Body mass index (BMI),Body composition by impedance,ukb-b-19953,Type2-Diabetes,0.751140975,0.527110406,0.975171545,0.114303411,4.98E-11,0.690205871,0.531907255,0.848504487,0.080766084,1.28E-17,0.710497924,0.065961178,0.581216391,0.839779457,4.70E-27,0,0.663287158
Leg fat mass (right),Body composition by impedance,ukb-b-18096,Type2-Diabetes,0.948883408,0.644454008,1.253312808,0.155323977,1.00E-09,0.894948985,0.683931368,1.105966603,0.107664028,9.38E-17,0.912452744,0.088485304,0.739024735,1.085880754,6.22E-25,0,0.77535075
Arm fat percentage (right),Body composition by impedance,ukb-b-12854,Type2-Diabetes,0.90101165,0.581373209,1.220650091,0.163083834,3.30E-08,0.882361066,0.671923202,1.09279893,0.10736823,2.07E-16,0.88800059,0.089678001,0.712234939,1.063766241,4.08E-23,0,0.923902272
Body fat percentage,Body composition by impedance,ukb-b-8909,Type2-Diabetes,0.638196141,0.305372531,0.97101975,0.169811084,0.000171091,0.82477841,0.606585962,1.042970858,0.111324723,1.27E-13,0.768692879,0.093101412,0.586217465,0.951168293,1.50E-16,0,0.358147074
Trunk fat mass,Body composition by impedance,ukb-b-20044,Type2-Diabetes,0.511766608,0.264767889,0.758765328,0.12602207,4.89E-05,0.596532062,0.437289004,0.755775119,0.081247951,2.10E-13,0.571643862,0.068286351,0.437805072,0.705482651,5.70E-17,0,0.571856642
Arm fat percentage (left),Body composition by impedance,ukb-b-20188,Type2-Diabetes,0.913669633,0.601627247,1.225712019,0.159208225,9.53E-09,0.784782039,0.574878697,0.994685382,0.10709551,2.34E-13,0.82493418,0.088861633,0.650768579,0.999099781,1.64E-20,0,0.501761606
Trunk fat percentage,Body composition by impedance,ukb-b-16407,Type2-Diabetes,0.447989954,0.188847806,0.707132102,0.132217811,0.000703344,0.613641442,0.425668734,0.80161415,0.095906205,1.57E-10,0.556531692,0.077633188,0.404373439,0.708689945,7.57E-13,0.027727917,0.310506841
Impedance of whole body,Body composition by impedance,ukb-b-19921,Type2-Diabetes,-0.502450675,-0.841590699,-0.163310651,0.173033804,0.003686968,-0.646930908,-0.872776825,-0.421084991,0.115229626,1.97E-08,-0.602542824,0.095909128,-0.79052126,-0.414564387,3.33E-10,0,0.487066871
Impedance of arm (left),Body composition by impedance,ukb-b-19379,Type2-Diabetes,-0.590823377,-0.946493575,-0.23515318,0.181467721,0.001130717,-0.527686839,-0.776069521,-0.279304157,0.126728187,3.13E-05,-0.548384189,0.103900197,-0.752024834,-0.344743544,1.31E-07,0,0.775453179
Leg fat-free mass (left),Body composition by impedance,ukb-b-16099,Type2-Diabetes,0.513696949,0.133194623,0.894199274,0.194137407,0.00814382,0.537208497,0.263119526,0.811297469,0.139843882,0.000122291,0.52917646,0.113470109,0.306779133,0.751573787,3.11E-06,0,0.921719866
Leg predicted mass (left),Body composition by impedance,ukb-b-17271,Type2-Diabetes,0.618217484,0.224390501,1.012044466,0.200935826,0.00209312,0.501158897,0.226462315,0.775855478,0.140153892,0.000349191,0.539470451,0.114953083,0.314166548,0.764774354,2.69E-06,0,0.632780646
Leg predicted mass (right),Body composition by impedance,ukb-b-14310,Type2-Diabetes,0.601485603,0.207710272,0.995260935,0.200909473,0.002755138,0.473992774,0.205305621,0.742679926,0.137087801,0.00054504,0.514494379,0.113238381,0.29255123,0.736437527,5.53E-06,0,0.600153568
Impedance of arm (right),Body composition by impedance,ukb-b-7859,Type2-Diabetes,-0.405791888,-0.760879101,-0.050704676,0.181170274,0.025101505,-0.427653917,-0.673519964,-0.18178787,0.125444166,0.000651734,-0.4205692,0.10313426,-0.622708636,-0.218429764,4.54E-05,0,0.920971436
Arm fat-free mass (right),Body composition by impedance,ukb-b-19520,Type2-Diabetes,0.673719556,0.238526948,1.108912164,0.222041125,0.002411659,0.501963009,0.193235758,0.810690261,0.157516798,0.001438926,0.559463023,0.128472669,0.30766122,0.811264827,1.33E-05,0,0.528102851
Arm fat-free mass (left),Body composition by impedance,ukb-b-19925,Type2-Diabetes,0.658069551,0.214127736,1.102011366,0.226505088,0.003668789,0.487325747,0.16728345,0.807368044,0.163289887,0.002841157,0.545716805,0.132458142,0.286103618,0.805329992,3.79E-05,0,0.540878032
Leg fat-free mass (right),Body composition by impedance,ukb-b-12828,Type2-Diabetes,0.45873444,0.067363009,0.850105871,0.199682971,0.021600876,0.398671781,0.133852388,0.663491175,0.135114418,0.003171332,0.417534906,0.11190399,0.198207116,0.636862696,0.000190578,0,0.80326849
Arm predicted mass (right),Body composition by impedance,ukb-b-16698,Type2-Diabetes,0.543290205,0.104264148,0.982316261,0.223997002,0.015290047,0.44335826,0.138848508,0.747868012,0.155364973,0.004321924,0.475818085,0.127662435,0.225604311,0.726031859,0.000193651,0,0.713930204
Trunk fat-free mass,Body composition by impedance,ukb-b-17409,Type2-Diabetes,0.145314781,-0.248171345,0.538800907,0.200761917,0.469178419,0.353965962,0.066533699,0.641398226,0.146651809,0.015793678,0.281368374,0.118421895,0.049265724,0.513471023,0.017502284,0,0.401336897
Impedance of leg (left),Body composition by impedance,ukb-b-14068,Type2-Diabetes,-0.270240001,-0.532995996,-0.007484007,0.134061644,0.043822034,-0.204711355,-0.37409958,-0.035323131,0.086424152,0.017851582,-0.223949183,0.072638515,-0.366318056,-0.081580309,0.002048812,0,0.681199735
Hip circumference,Body size measures,ukb-b-15590,Type2-Diabetes,0.497750315,0.238872405,0.756628225,0.132082993,0.000164254,0.474839119,0.296925102,0.652753135,0.090774126,1.69E-07,0.482188958,0.074810392,0.335563284,0.628814631,1.15E-10,0,0.886325364
"Heel quantitative ultrasound index (QUI), manual entry",Bone-densitometry of heel,ukb-b-17848,Type2-Diabetes,0.100286638,-0.139612366,0.340185642,0.1223997,0.412594007,0.187317635,0.054234271,0.320401,0.067900923,0.005803346,0.166837085,0.059376444,0.050461392,0.283212777,0.004956931,0,0.534090901
Heel bone mineral density (BMD),Bone-densitometry of heel,ukb-b-8875,Type2-Diabetes,0.058064637,-0.114027073,0.230156348,0.087803506,0.508418637,0.142528201,0.039197077,0.245859325,0.05272093,0.006862454,0.120145968,0.045199004,0.031557547,0.208734389,0.007856971,0,0.409534
Fractured heel (left),Bone-densitometry of heel,ukb-b-8221,Type2-Diabetes,0.679793359,-2.715099138,4.074685856,1.732119837,0.694715969,2.729176648,0.419764587,5.03858871,1.178293111,0.020546696,2.080837114,0.97424367,0.171354609,3.990319619,0.032691745,0,0.327939942
"Heel bone mineral density (BMD), manual entry",Bone-densitometry of heel,ukb-b-11364,Type2-Diabetes,0.128976654,-0.117987609,0.375940917,0.12600449,0.30603003,0.138545888,0.002241444,0.274850333,0.069544362,0.046349732,0.136311563,0.060886454,0.016976306,0.255646819,0.025170034,0,0.946988499
Dried fruit intake,Diet,ukb-b-16576,Type2-Diabetes,-0.368708547,-0.839015625,0.101598531,0.239957,0.12440087,-0.531250817,-0.844271494,-0.218230141,0.159707361,0.000879751,-0.481352102,0.132952022,-0.741933277,-0.220770926,0.00029404,0,0.57282147
Poultry intake,Diet,ukb-b-8006,Type2-Diabetes,0.385403514,-0.150927823,0.92173485,0.273643465,0.159008272,0.551114439,0.14716084,0.955068038,0.206102562,0.007495659,0.491135127,0.164630482,0.168465312,0.813804942,0.002851979,0,0.628585487
"Coffee type: Ground coffee (include espresso, filter etc)",Diet,ukb-d-1508_3,Type2-Diabetes,-0.622212809,-1.500651014,0.256225396,0.448190993,0.165053011,-1.077276255,-1.645672874,-0.508879635,0.290003604,0.000203445,-0.942978565,0.24347895,-1.420188537,-0.465768593,0.000107532,0,0.393966628
Major dietary changes in the last 5 years: No,Diet,ukb-d-1538_0,Type2-Diabetes,-0.80808601,-1.903378885,0.287206865,0.558833164,0.148170549,-1.20378897,-1.882945835,-0.524632104,0.346514972,0.000512783,-1.093898347,0.294494942,-1.671097827,-0.516698867,0.000203614,0,0.547315781
"Major dietary changes in the last 5 years: Yes, because of illness",Diet,ukb-d-1538_1,Type2-Diabetes,3.443668642,0.844441924,6.042895361,1.326160449,0.009411835,2.236264219,0.675400781,3.797127656,0.79637353,0.004984102,2.556271313,0.682730797,1.21814354,3.894399087,0.000180979,0,0.435079221
Non-butter spread type details: Olive oil based spread (eg: Bertolli),Diet,ukb-d-2654_6,Type2-Diabetes,-0.681132026,-2.573703795,1.211439742,0.965615584,0.480569853,-1.289694155,-2.426193011,-0.153195298,0.57985701,0.026137752,-1.128404786,0.497112491,-2.102727365,-0.154082208,0.023212535,0,0.588990628
"Never eat eggs, dairy, wheat, sugar: Sugar or foods/drinks containing sugar",Diet,ukb-b-5495,Type2-Diabetes,0.622149292,-0.585516777,1.829815361,0.61616748,0.312635163,0.772260338,0.056315437,1.488205239,0.365284723,0.034503944,0.73322323,0.31421815,0.117366972,1.349079488,0.019622723,0,0.834009125
Milk type used: Skimmed,Diet,ukb-d-1418_3,Type2-Diabetes,1.586795171,0.077731004,3.095859337,0.769944845,0.039310618,1.017646515,-0.16781739,2.20311042,0.604839637,0.0924707,1.234840561,0.475631617,0.302619722,2.1670614,0.009425786,0,0.561041665
"Cereal type: Other (e.g. Cornflakes, Frosties)",Diet,ukb-d-1468_5,Type2-Diabetes,1.326521529,0.093265582,2.559777476,0.62922378,0.035014799,0.592390136,-0.173153855,1.357934127,0.390590846,0.129354732,0.796589382,0.331852655,0.14617013,1.447008633,0.01637578,0,0.321553824
Plays computer games,Electronic device use,ukb-b-4779,Type2-Diabetes,0.478892616,-0.072774188,1.03055942,0.281467827,0.088865731,0.731354265,0.352560164,1.110148367,0.193265848,0.000154211,0.650463835,0.159323422,0.338195665,0.962732004,4.45E-05,0,0.459652031
Hand grip strength (left),Hand grip strength,ukb-b-7478,Type2-Diabetes,-0.351713615,-0.746520711,0.04309348,0.201435893,0.080805305,-0.33547096,-0.609597752,-0.061344167,0.139863178,0.016459444,-0.340754365,0.114885522,-0.565925849,-0.11558288,0.003016671,0,0.947191394
Speech-reception-threshold (SRT) estimate (right),Hearing test,ukb-b-8316,Type2-Diabetes,0.333726742,-0.095574285,0.763027769,0.219035161,0.127603219,0.357821171,0.100835796,0.614806547,0.131117397,0.006352407,0.35146491,0.112500999,0.130967003,0.571962817,0.001783469,0,0.924804041
Usual walking pace,Physical activity,ukb-b-4711,Type2-Diabetes,-0.669908464,-1.261677487,-0.07813944,0.301928519,0.026502709,-0.81315027,-1.182238054,-0.444062485,0.188313554,1.57E-05,-0.773033962,0.159782686,-1.086202272,-0.459865652,1.31E-06,0,0.68728342
Time spent watching television (TV),Physical activity,ukb-b-5192,Type2-Diabetes,0.323135201,-0.026735661,0.673006062,0.178508822,0.070266053,0.405231013,0.157702354,0.652759671,0.126292453,0.001333497,0.377846187,0.103098933,0.175775993,0.579916382,0.000247445,0,0.707334835
"Types of physical activity in last 4 weeks: Heavy DIY (eg: weeding, lawn mowing, carpentry, digging)",Physical activity,ukb-b-13184,Type2-Diabetes,-0.67332419,-1.561652854,0.215004473,0.453237238,0.137387904,-1.144063485,-1.793094241,-0.49503273,0.331144225,0.000550538,-0.980233531,0.267381905,-1.504292435,-0.456174627,0.000246333,0,0.401677729
Types of physical activity in last 4 weeks: None of the above,Physical activity,ukb-b-15869,Type2-Diabetes,1.754266026,-0.428581495,3.937113548,1.11371818,0.11522331,2.248195303,0.774086057,3.722304549,0.752110374,0.002797248,2.093491498,0.623294683,0.871856368,3.315126629,0.000782956,0,0.713218349
Sleeplessness / insomnia,Sleep,ukb-b-3957,Type2-Diabetes,0.542488524,0.094767912,0.990209137,0.228433081,0.017557286,0.351417463,0.021484324,0.681350602,0.168336327,0.036834712,0.418661436,0.135515266,0.153056396,0.684266476,0.002005584,0,0.500719298
Nap during day,Sleep,ukb-b-4616,Type2-Diabetes,0.445950017,0.002385289,0.889514745,0.226312693,0.048780663,0.286824462,-0.026061535,0.59971046,0.159638646,0.072381561,0.339694509,0.130449914,0.084017376,0.595371642,0.009213671,0,0.565587668
Smoking status: Current,Smoking,ukb-a-225,Type2-Diabetes,0.660880781,-0.74636894,2.068130501,0.717997745,0.357337827,1.279388228,0.402416583,2.156359873,0.447442734,0.004245315,1.106377432,0.37974076,0.362099218,1.850655646,0.003573936,0,0.464723395
Previously smoked cigarettes on most/all days,Smoking,ukb-d-5959,Type2-Diabetes,0.070509692,-0.109972377,0.250991761,0.09208438,0.443850421,0.120836766,0.016561939,0.225111593,0.05320242,0.023130972,0.108241694,0.046066526,0.017952961,0.198530426,0.01878945,0,0.636051018
Able to confide,Social support,ukb-b-4982,Type2-Diabetes,0.059825725,-0.172445711,0.292097162,0.118508013,0.613682242,0.158888348,0.005268926,0.31250777,0.078378696,0.042643196,0.128742593,0.065374125,0.000611662,0.256873523,0.048916319,0,0.485664999
"Forced vital capacity (FVC), Best measure",Spirometry,ukb-b-14713,Type2-Diabetes,-0.689213143,-1.026932521,-0.351493766,0.172308971,6.34E-05,-0.58850018,-0.82562264,-0.351377719,0.12098307,1.15E-06,-0.621755677,0.099014073,-0.815819694,-0.42769166,3.40E-10,0,0.632397953
Forced vital capacity (FVC),Spirometry,ukb-b-7953,Type2-Diabetes,-0.591991414,-0.920800407,-0.26318242,0.167762773,0.000417541,-0.49927078,-0.732178595,-0.266362966,0.118832701,2.65E-05,-0.530249375,0.096970193,-0.72030746,-0.34019129,4.55E-08,0,0.651984655
"Forced expiratory volume in 1-second (FEV1), predicted percentage",Spirometry,ukb-b-13405,Type2-Diabetes,-0.072927913,-0.298878234,0.153022408,0.115282894,0.526995146,-0.177090445,-0.320280084,-0.033900806,0.073057281,0.015350839,-0.147244614,0.061709347,-0.268192711,-0.026296517,0.017028164,0,0.445348592
