exposure,exposure.field_id,exposure.field_type,exposure.id,outcome,mr1_estimate,mr1_cilower,mr1_ciupper,mr1_se,mr1_pval,mr2_estimate,mr2_cilower,mr2_ciupper,mr2_se,mr2_pval,meta.estimate,meta.se,meta.cilower,meta.ciupper,meta.p,meta.I2,meta.hetero.p
Alcohol intake frequency.,1558,Categorical (single),ukb-b-5779,BC,0.0591152907614225,-0.008214478620356,0.126445060143201,0.0343525543902169,0.0852796447500651,0.0519076430710981,-0.0129088878626854,0.116724174004882,0.0330702663135895,0.116504305387601,0.0553744370678353,0.0238246362554366,0.0086790080624123,0.102069866073258,0.020112039892439,0,0.879853287047448
Bread type: Wholemeal or wholegrain,1448,Categorical (single),ukb-d-1448_3,BC,-0.340176985852718,-0.64354392564135,-0.0368100460640852,0.154781895066212,0.0279645881228022,-0.333714469773782,-0.638108393855928,-0.0293205456916357,0.155305876272813,0.0316537284322433,-0.336956648035254,0.109632113377094,-0.55183164180337,-0.122081654267138,0.0021154850512159,0,0.976486971930865
Bread type: White,1448,Categorical (single),ukb-d-1448_1,BC,0.244591427376779,-0.0443890393692035,0.533571894122763,0.147441722922168,0.0971354618377436,0.274043791739962,-0.0035210221419436,0.551608605621868,0.141617303211335,0.0529778970563811,0.259910821659923,0.102135574155833,0.0597287747741715,0.460092868545675,0.0109351955117923,0,0.885448618802183
Bread type: Brown,1448,Categorical (single),ukb-d-1448_2,BC,-0.556611177749471,-1.23046412185669,0.117241766357745,0.343808840071799,0.105456859894677,-0.560415392190926,-1.23677477764162,0.115943993259772,0.345087660174235,0.104380118008475,-0.558506223112378,0.243560434474488,-1.0358759027413,-0.0811365434834537,0.0218427704812456,0,0.993768954708922
Cereal intake,1458,Integer,ukb-b-15926,BC,-0.115003106760884,-0.27568368039495,0.0456774668731819,0.0819813909344732,0.160677900333029,-0.117743033094217,-0.274225459596017,0.0387393934075825,0.0798394397734414,0.140280376918791,-0.116409330774163,0.0571972689486417,-0.228513917927552,-0.0043047436207738,0.0418282051077686,0,0.980897949727893
Cheese intake,1408,Categorical (single),ukb-b-1489,BC,-0.131992228422344,-0.246150356321714,-0.0178341005229729,0.0582450130715847,0.0234418938835258,-0.144659477468414,-0.254241538518832,-0.0350774164179953,0.0559102421854625,0.0096716731450168,-0.138584822695476,0.0403346593433835,-0.2176393023372,-0.0595303430537526,0.000590644769409,0,0.875327179543031
Lamb/mutton intake,1379,Categorical (single),ukb-b-14179,BC,-0.18163477141244,-0.383536164478808,0.020266621653928,0.103012807714295,0.0778625267521686,-0.187852163238816,-0.3852723865365,0.0095680600588685,0.100726454595549,0.0621851262072728,-0.184813229840275,0.0720191011187973,-0.325968074232066,-0.0436583854484842,0.0102828528499339,0,0.965578765265155
"Major dietary changes in the last 5 years: Yes, because of other reasons",1538,Categorical (single),ukb-d-1538_2,BC,-0.470855630178769,-1.06590751493514,0.124196254577603,0.30360347917108,0.120928023310912,-0.5916058097837,-1.15552517714141,-0.0276864424259867,0.287719249846343,0.039764083418919,-0.534471996604926,0.208837966898177,-0.94378689032992,-0.125157102879931,0.0104893318501614,0,0.772823785548123
Frequency of stair climbing in last 4 weeks,943,Categorical (single),ukb-b-298,BC,-0.207598942385344,-0.388130080751594,-0.0270678040190939,0.0921094161883874,0.0242068805178394,-0.218332576348943,-0.392217031863158,-0.0444481208347284,0.0887181891533689,0.0138562933852534,-0.2131669863414,0.0638984915361582,-0.338405728418707,-0.0879282442640925,0.0008498541995249,0,0.93311155470071
Able to confide,2110,Categorical (single),ukb-b-4982,BC,-0.0658452206780323,-0.14281205606126,0.011121614705195,0.0392695151494272,0.0935910741439777,-0.059663589571939,-0.135386758291049,0.0160595791471713,0.0386349796814661,0.122518239454606,-0.062704058813269,0.0275406574810664,-0.116682755586713,-0.0087253620398252,0.0227992781875703,0,0.910654933961237
Body fat percentage,23099,Continuous,ukb-b-8909,BC,-0.0960239205246316,-0.215709489903548,0.0236616488542852,0.0610651880968127,0.115838767095123,-0.0885929529002868,-0.204840029264686,0.0276541234641124,0.0593108226892644,0.135252386221098,-0.0922001604535057,0.0425457888532995,-0.175588374299818,-0.008811946607193,0.0302286966789094,0,0.930439435456719
Impedance of whole body,23106,Continuous,ukb-b-19921,BC,0.107116039174424,-0.0221919477284541,0.236424026077302,0.0659746750056852,0.104462640008525,0.10259211911582,-0.0220490301221785,0.227233268353818,0.0635935916277808,0.106691032967435,0.104770970876867,0.0457860987370408,0.0150318663596718,0.194510075394061,0.0221217837297235,0,0.960624904609329
Trunk fat mass,23128,Continuous,ukb-b-20044,BC,-0.0616385419608922,-0.14251278647916,0.0192357025573753,0.041263127871835,0.135229919344511,-0.0568240378839766,-0.134995137058202,0.0213470612902485,0.0398839467412814,0.15423394086803,-0.0591494859181859,0.0286773941758064,-0.115356145673225,-0.0029428261631466,0.03915232991863,0,0.933140699373239
Trunk fat-free mass,23129,Continuous,ukb-b-17409,BC,-0.153962610272795,-0.312455063089309,0.0045298425437198,0.0808649822479814,0.0569171355479419,-0.133686898813123,-0.291308040371591,0.0239342427453445,0.0804204275189562,0.096442615140071,-0.143768868552108,0.0570223536463699,-0.255530628012699,-0.0320071090915169,0.0116931397293703,0,0.858892068327106
Trunk predicted mass,23130,Continuous,ukb-b-9685,BC,-0.175496038921122,-0.323740694272774,-0.02725138356947,0.0756364180775702,0.0203268998303748,-0.147127846151598,-0.294299341789205,4.36494860084902e-05,0.0750888775500351,0.0500679874576919,-0.161208890621989,0.0532883844706872,-0.26565220497886,-0.056765576265119,0.0024845535208942,0,0.79010896949718
Whole body fat mass,23100,Continuous,ukb-b-19393,BC,-0.0737088213924814,-0.161068858646537,0.0136512158615746,0.0445722666044584,0.0981900145925303,-0.0696109406302472,-0.154089369539183,0.0148674882786885,0.0431020312491917,0.106304866020777,-0.0715911817966506,0.0309844722378876,-0.132319631462891,-0.0108627321304097,0.0208577068416842,0,0.947305540858573
