"exposure","exposure.field_id","exposure.field_type","exposure.id","outcome","mr1_estimate","mr1_cilower","mr1_ciupper","mr1_se","mr1_pval","mr2_estimate","mr2_cilower","mr2_ciupper","mr2_se","mr2_pval","meta.estimate","meta.se","meta.cilower","meta.ciupper","meta.p","meta.I2","meta.hetero.p"
"Alcohol drinker status: Never","20117","Categorical (single)","ukb-a-226","BC","-0.226517688551302","-1.78615859066955","1.33312321356694","0.795749776230835","0.775905064937187","-0.181932675760679","-1.59551038291698","1.23164503139562","0.721226368599841","0.800844270410172","-0.202040159275234","0.534393218221243","-1.24943162057132","0.845351302020857","0.705375653330543","0","0.966885588679331"
"Alcohol drinker status: Current","20117","Categorical (single)","ukb-d-20117_2","BC","0.360289331711446","-0.56137374498498","1.28195240840787","0.470244904481096","0.443572887544373","0.315489140962341","-0.569508243942185","1.20048652586687","0.451537575121417","0.484739759286482","0.336980402751675","0.325698024156791","-0.301375994431493","0.975336799934842","0.300836780743855","0","0.945213273813431"
"Alcohol drinker status: Previous","20117","Categorical (single)","ukb-a-227","BC","0.646964578172026","-0.668926180481511","1.96285533682556","0.671385172907827","0.335233190667932","0.650929183212469","-0.665046995700512","1.96690536212545","0.671428755473689","0.332311374443987","0.648946752016445","0.474756416564995","-0.28155872588024","1.57945222991313","0.171655195231591","0","0.99666851479735"
"Alcohol intake frequency.","1558","Categorical (single)","ukb-b-5779","BC","0.0591152907614225","-0.00821447862035601","0.126445060143201","0.0343525543902169","0.0852796447500651","0.0519076430710981","-0.0129088878626854","0.116724174004882","0.0330702663135895","0.116504305387601","0.0553744370678353","0.0238246362554366","0.00867900806241238","0.102069866073258","0.020112039892439","0","0.879853287047448"
"Bread type: Other type of bread","1448","Categorical (single)","ukb-d-1448_4","BC","0.364165970887271","-1.06795355785613","1.79628549963067","0.730686655489478","0.618210101234884","-0.16438138622359","-1.45122180637811","1.12245903393093","0.656563299277412","0.802304015212486","0.0717314181078895","0.488370016787505","-0.885456225924842","1.02891906214062","0.883227336323639","0","0.590540405543235"
"Bread type: Wholemeal or wholegrain","1448","Categorical (single)","ukb-d-1448_3","BC","-0.340176985852718","-0.64354392564135","-0.0368100460640852","0.154781895066212","0.0279645881228022","-0.333714469773782","-0.638108393855928","-0.0293205456916357","0.155305876272813","0.0316537284322433","-0.336956648035254","0.109632113377094","-0.55183164180337","-0.122081654267138","0.00211548505121591","0","0.976486971930865"
"Bread type: White","1448","Categorical (single)","ukb-d-1448_1","BC","0.244591427376779","-0.0443890393692035","0.533571894122763","0.147441722922168","0.0971354618377436","0.274043791739962","-0.00352102214194361","0.551608605621868","0.141617303211335","0.0529778970563811","0.259910821659923","0.102135574155833","0.0597287747741715","0.460092868545675","0.0109351955117923","0","0.885448618802183"
"Bread type: Brown","1448","Categorical (single)","ukb-d-1448_2","BC","-0.556611177749471","-1.23046412185669","0.117241766357745","0.343808840071799","0.105456859894677","-0.560415392190926","-1.23677477764162","0.115943993259772","0.345087660174235","0.104380118008475","-0.558506223112378","0.243560434474488","-1.0358759027413","-0.0811365434834537","0.0218427704812456","0","0.993768954708922"
"Cereal intake","1458","Integer","ukb-b-15926","BC","-0.115003106760884","-0.27568368039495","0.0456774668731819","0.0819813909344732","0.160677900333029","-0.117743033094217","-0.274225459596017","0.0387393934075825","0.0798394397734414","0.140280376918791","-0.116409330774163","0.0571972689486417","-0.228513917927552","-0.00430474362077383","0.0418282051077686","0","0.980897949727893"
"Cheese intake","1408","Categorical (single)","ukb-b-1489","BC","-0.131992228422344","-0.246150356321714","-0.0178341005229729","0.0582450130715847","0.0234418938835258","-0.144659477468414","-0.254241538518832","-0.0350774164179953","0.0559102421854625","0.00967167314501682","-0.138584822695476","0.0403346593433835","-0.2176393023372","-0.0595303430537526","0.000590644769409051","0","0.875327179543031"
"Cooked vegetable intake","1289","Integer","ukb-b-8089","BC","-0.0127013333292273","-0.183768532637272","0.158365865978818","0.0872807871253764","0.884298216860883","-0.0124626358591443","-0.183344655798107","0.158419384079818","0.0871863061193258","0.88633552695177","-0.0125818553298639","0.061683405229126","-0.133479108022741","0.108315397363013","0.838373253862751","0","0.998456207185423"
"Fresh fruit intake","1309","Integer","ukb-b-3881","BC","-0.100329001095495","-0.324965130741237","0.124307128550248","0.114612376256729","0.381368985642777","-0.0768078395858392","-0.299776663574747","0.146160984403068","0.113761694473805","0.499571358660885","-0.0884808064275847","0.0807407465624628","-0.246729761774888","0.0697681489197186","0.273138680753154","0","0.884194128959005"
"Lamb/mutton intake","1379","Categorical (single)","ukb-b-14179","BC","-0.18163477141244","-0.383536164478808","0.020266621653928","0.103012807714295","0.0778625267521686","-0.187852163238816","-0.3852723865365","0.00956806005886857","0.100726454595549","0.0621851262072728","-0.184813229840275","0.0720191011187973","-0.325968074232066","-0.0436583854484842","0.0102828528499339","0","0.965578765265155"
"Major dietary changes in the last 5 years: Yes, because of other reasons","1538","Categorical (single)","ukb-d-1538_2","BC","-0.470855630178769","-1.06590751493514","0.124196254577603","0.30360347917108","0.120928023310912","-0.5916058097837","-1.15552517714141","-0.0276864424259867","0.287719249846343","0.039764083418919","-0.534471996604926","0.208837966898177","-0.94378689032992","-0.125157102879931","0.0104893318501614","0","0.772823785548123"
"Major dietary changes in the last 5 years: No","1538","Categorical (single)","ukb-d-1538_0","BC","-0.0475223340586934","-0.395540846560727","0.30049617844334","0.177563728337438","0.788980002812087","-0.0492083190843492","-0.39291988463255","0.294503246463851","0.175366266043332","0.779014832836156","-0.0483758236813116","0.124772340264572","-0.292925116866649","0.196173469504026","0.698228640000842","0","0.994609755295424"
"Major dietary changes in the last 5 years: Yes, because of illness","1538","Categorical (single)","ukb-d-1538_1","BC","-0.445578966631353","-1.22403164840002","0.332873715137317","0.397177033817461","0.261919893777648","-0.0906898841528162","-0.893051468450101","0.711671700144468","0.40937567762786","0.824678087050218","-0.273500690219927","0.285061614333955","-0.832211187689325","0.285209807249471","0.337335056793565","0","0.533814879362745"
"Milk type used: Soya","1418","Categorical (single)","ukb-d-1418_4","BC","-0.350170046392837","-1.56951921635358","0.869179123567908","0.62212835520388","0.573531445357396","-0.21624298415242","-1.4044558532722","0.971969884967364","0.606242195515967","0.721320860153204","-0.281474765104834","0.434185626846292","-1.13246295632851","0.569513426118844","0.516802516510529","0","0.87747072599299"
"Milk type used: Never/rarely have milk","1418","Categorical (single)","ukb-d-1418_6","BC","0.957015420496087","-0.59909285216757","2.51312369315974","0.793947381144776","0.228053175350482","0.947367970439287","-0.602671952685515","2.49740789356409","0.79085122754873","0.230952363265441","0.952172847727024","0.56030771364514","-0.146010091277433","2.05035578673148","0.0892485739152277","0","0.993131097946277"
"Milk type used: Full cream","1418","Categorical (single)","ukb-d-1418_1","BC","0.0620399903437894","-0.779807189567133","0.903887170254712","0.429521759864623","0.885153276386289","0.140773952005142","-0.663182712999054","0.944730617009338","0.410189509269407","0.731453667029146","0.103218663349089","0.296646801711382","-0.478198384134214","0.684635710832392","0.727876699371295","0","0.894536646473522"
"Milk type used: Semi-skimmed","1418","Categorical (single)","ukb-d-1418_2","BC","0.17295165039796","-0.358208221340598","0.704111522136517","0.271004914339385","0.523352349761439","0.165101239256882","-0.346792468756387","0.676994947270152","0.26117505834343","0.527290301409017","0.168881489932406","0.188057762714883","-0.199704952001943","0.537467931866756","0.369169620237009","0","0.983358848584372"
"Milk type used: Skimmed","1418","Categorical (single)","ukb-d-1418_3","BC","0.377272571849884","-0.290776109054882","1.04532125275465","0.340847426878376","0.268351685261951","0.288469816260043","-0.324984036756905","0.901923669276991","0.312992411011526","0.356710567708787","0.329094855113493","0.230538622188636","-0.12275254142172","0.780942251648705","0.15343461083643","0","0.847820075855794"
"Milk type used: Other type of milk","1418","Categorical (single)","ukb-d-1418_5","BC","-0.282569929768619","-2.77774071829758","2.21260085876035","1.27306971363278","0.824345403494331","-0.101705512776657","-2.53120537826042","2.3277943527071","1.23956352496645","0.934607385880189","-0.189726306925963","0.888113069665433","-1.93039593766952","1.5509433238176","0.830836733973382","0","0.918924236730327"
"Non-oily fish intake","1339","Categorical (single)","ukb-b-17627","BC","0.114952243316797","-0.0946899709614796","0.324594457595074","0.106962278864259","0.282509556903472","0.172847590075883","-0.0300782479137985","0.375773428065565","0.103535493300048","0.0950277328026684","0.14484217072473","0.0743926205625472","-0.000964686293416173","0.290649027742876","0.0515351561119293","0","0.697339741724124"
"Oily fish intake","1329","Categorical (single)","ukb-b-2209","BC","-0.109192814005427","-0.238001170521894","0.0196155425110404","0.0657197568590501","0.0966147850210666","-0.0665923093620041","-0.194176211284805","0.0609915925607968","0.0650950236479682","0.306307118237698","-0.0876891187472553","0.0462484269461535","-0.178334369903348","0.00295613240883742","0.0579540369502748","0","0.645128198677178"
"Length of mobile phone use","1110","Categorical (single)","ukb-b-4094","BC","0.0331732788075625","-0.0536284448745932","0.119975002489718","0.0442874075068913","0.453829842974908","0.0370945091530928","-0.0497390355639709","0.123928053870157","0.0443036430271146","0.40243577036035","0.0351331753613243","0.0313216647145839","-0.0262561594150991","0.0965225101377477","0.26199457854821","0","0.950088110050065"
"Plays computer games","2237","Categorical (single)","ukb-b-4779","BC","0.0055807078888228","-0.202968179754236","0.214129595531882","0.106404448902156","0.958171673191072","-0.0240907184004943","-0.235865255016954","0.187683818215965","0.1080502184157","0.823567778482579","-0.00902731399741781","0.0758144769326455","-0.157620958292146","0.13956633029731","0.905219017977188","0","0.844875208028224"
"Frequency of stair climbing in last 4 weeks","943","Categorical (single)","ukb-b-298","BC","-0.207598942385344","-0.388130080751594","-0.0270678040190939","0.0921094161883874","0.0242068805178394","-0.218332576348943","-0.392217031863158","-0.0444481208347284","0.0887181891533689","0.0138562933852534","-0.2131669863414","0.0638984915361582","-0.338405728418707","-0.0879282442640925","0.000849854199524981","0","0.93311155470071"
"Sleep duration","1160","Integer","ukb-b-4424","BC","0.0506139455517243","-0.0983825466873615","0.19961043779081","0.0760200153749513","0.505540464303067","0.048709548425023","-0.0976902854431683","0.195109382293214","0.0746951653310849","0.514329486672293","0.0496450078273886","0.0532796872114639","-0.05478126021464","0.154071275869417","0.351449642014772","0","0.985743409067112"
"Sleeplessness / insomnia","1200","Categorical (single)","ukb-b-3957","BC","0.0897381102784253","-0.0793526485175172","0.258828869074368","0.0862723805792907","0.298260021187406","0.142679989308858","-0.0269222491932201","0.312282227810936","0.0865333444083049","0.0991795896722038","0.116129099410286","0.0610958409823754","-0.00361654852035609","0.235874747340928","0.0573322357949919","0","0.664820725502559"
"Current tobacco smoking","1239","Categorical (single)","ukb-b-223","BC","0.084849090645398","-0.180869842083118","0.350568023373914","0.135573375237746","0.531410943651599","0.0954091536828156","-0.158526897877242","0.349345205242873","0.129561590704254","0.461487312693173","0.0903684425447529","0.093667096539315","-0.0932156932087408","0.273952578298247","0.334653404737495","0","0.955093059312578"
"Able to confide","2110","Categorical (single)","ukb-b-4982","BC","-0.0658452206780323","-0.14281205606126","0.011121614705195","0.0392695151494272","0.0935910741439777","-0.059663589571939","-0.135386758291049","0.0160595791471713","0.0386349796814661","0.122518239454606","-0.062704058813269","0.0275406574810664","-0.116682755586713","-0.00872536203982525","0.0227992781875703","0","0.910654933961237"
"Frequency of friend/family visits","1031","Categorical (single)","ukb-b-5379","BC","-0.038676766913253","-0.153689650268389","0.0763361164418829","0.0586811208074959","0.509831115917344","-0.0327452122081197","-0.152615189664449","0.0871247652482093","0.061159275579474","0.592367230493462","-0.0358335945262792","0.0423428083515624","-0.118823973899623","0.0471567848470649","0.397400215159571","0","0.944207843269842"
"Use of sun/uv protection","2267","Categorical (single)","ukb-b-7422","BC","0.0280922066408605","-0.117754671877952","0.173939085159673","0.0744130400707532","0.70578924360005","0.0368085156509147","-0.106930058435469","0.180547089737299","0.0733373547780344","0.615733095254569","0.032513816194342","0.0522334999386633","-0.0698619624719132","0.134889594860597","0.533632493245103","0","0.933511893703565"
